{
  "centroids": [
    -0.23762718673095357,
    -0.18079372947217434,
    -0.1417616542967331,
    -0.11024706538276363,
    -0.08279256667309579,
    -0.057744535605257094,
    -0.034134028231120876,
    -0.011296498142743928,
    0.011296498142743841,
    0.034134028231120786,
    0.05774453560525705,
    0.08279256667309574,
    0.11024706538276359,
    0.14176165429673304,
    0.18079372947217426,
    0.23762718673095345
  ],
  "boundaries": [
    -1.0,
    -0.20921045810156397,
    -0.16127769188445373,
    -0.12600435983974836,
    -0.09651981602792971,
    -0.07026855113917643,
    -0.04593928191818898,
    -0.022715263186932403,
    -4.336808689942018e-17,
    0.022715263186932313,
    0.04593928191818892,
    0.0702685511391764,
    0.09651981602792967,
    0.1260043598397483,
    0.16127769188445365,
    0.20921045810156386,
    1.0
  ],
  "mse_per_coord": 7.27718115381205e-05,
  "mse_total": 0.009314791876879424,
  "d": 128,
  "bits": 4
}