{
  "centroids": [
    -0.1330401982533685,
    -0.039990945215356365,
    0.039990945215356365,
    0.1330401982533685
  ],
  "boundaries": [
    -1.0,
    -0.08651557173436243,
    0.0,
    0.08651557173436243,
    1.0
  ],
  "mse_per_coord": 0.0009062505493759921,
  "mse_total": 0.11600007032012699,
  "d": 128,
  "bits": 2
}