{
  "centroids": [
    -0.188390613802078,
    -0.11813298369899362,
    -0.06658059531595685,
    -0.021602468667239208,
    0.021602468667239208,
    0.06658059531595685,
    0.11813298369899362,
    0.188390613802078
  ],
  "boundaries": [
    -1.0,
    -0.1532617987505358,
    -0.09235678950747524,
    -0.04409153199159803,
    0.0,
    0.04409153199159803,
    0.09235678950747524,
    0.1532617987505358,
    1.0
  ],
  "mse_per_coord": 0.00026535879813162263,
  "mse_total": 0.0339659261608477,
  "d": 128,
  "bits": 3
}