{
  "centroids": [
    -0.10012590817490123,
    0.10012590817490123
  ],
  "boundaries": [
    -1.0,
    0.0,
    1.0
  ],
  "mse_per_coord": 0.005599802512151378,
  "mse_total": 0.3583873607776882,
  "d": 64,
  "bits": 1
}