{
  "centroids": [
    -0.1338479440323176,
    -0.08375896775388561,
    -0.04716193453734492,
    -0.015295735736674062,
    0.015295735736674062,
    0.04716193453734492,
    0.08375896775388561,
    0.1338479440323176
  ],
  "boundaries": [
    -1.0,
    -0.1088034558931016,
    -0.06546045114561527,
    -0.03122883513700949,
    0.0,
    0.03122883513700949,
    0.06546045114561527,
    0.1088034558931016,
    1.0
  ],
  "mse_per_coord": 0.0001338125166746254,
  "mse_total": 0.0342560042687041,
  "d": 256,
  "bits": 3
}