{
  "centroids": [
    -0.07066157273809426,
    0.07066157273809426
  ],
  "boundaries": [
    -1.0,
    0.0,
    1.0
  ],
  "mse_per_coord": 0.0028194421381789333,
  "mse_total": 0.36088859368690346,
  "d": 128,
  "bits": 1
}