{
  "centroids": [
    -0.08946716939346842,
    -0.05592171349132852,
    -0.031470577262396576,
    -0.01020428594308604,
    0.010204285943086033,
    0.03147057726239657,
    0.05592171349132852,
    0.08946716939346842
  ],
  "boundaries": [
    -1.0,
    -0.07269444144239848,
    -0.04369614537686255,
    -0.020837431602741308,
    -3.469446951953614e-18,
    0.0208374316027413,
    0.04369614537686255,
    0.07269444144239848,
    1.0
  ],
  "mse_per_coord": 5.97532735925632e-05,
  "mse_total": 0.0344178855893164,
  "d": 576,
  "bits": 3
}