{
  "centroids": [
    -0.2639074472298784,
    -0.16616104047905345,
    -0.09382718326945673,
    -0.030467305914743135,
    0.030467305914743135,
    0.09382718326945673,
    0.16616104047905345,
    0.2639074472298784
  ],
  "boundaries": [
    -1.0,
    -0.21503424385446593,
    -0.12999411187425508,
    -0.06214724459209993,
    0.0,
    0.06214724459209993,
    0.12999411187425508,
    0.21503424385446593,
    1.0
  ],
  "mse_per_coord": 0.0005217317856804905,
  "mse_total": 0.03339083428355139,
  "d": 64,
  "bits": 3
}