{
  "centroids": [
    -0.1874958479240327,
    -0.05651436886739805,
    0.05651436886739805,
    0.1874958479240327
  ],
  "boundaries": [
    -1.0,
    -0.12200510839571538,
    0.0,
    0.12200510839571538,
    1.0
  ],
  "mse_per_coord": 0.0017894649503439248,
  "mse_total": 0.11452575682201119,
  "d": 64,
  "bits": 2
}